#        ,age ,  name ,  address ,  money ,
#        ,10  ,  tom  ,  china   ,  127   ,


userId , memo , actId  , key       ,  itemId  ,count
121    ,xxx1  ,  1210  ,  1233441  ,    111   , 1
122    ,xxx2  ,  2210  ,  1233442  ,    112   , 2
123    ,xxx3  ,  3210  ,  1233443  ,    113   , 3
124    ,xxx4  ,  4210  ,  1233444  ,    114   , 4
125    ,xxx5  ,  5210  ,  1233445  ,    115   , 5
126    ,xxx6  ,  6210  ,  1233446  ,    116   , 6
121    ,xxx1  ,  1210  ,  1233441  ,    111   , 1
122    ,xxx2  ,  2210  ,  1233442  ,    112   , 2
123    ,xxx3  ,  3210  ,  1233443  ,    113   , 3
124    ,xxx4  ,  4210  ,  1233444  ,    114   , 4
125    ,xxx5  ,  5210  ,  1233445  ,    115   , 5
126    ,xxx6  ,  6210  ,  1233446  ,    116   , 6
121    ,xxx1  ,  1210  ,  1233441  ,    111   , 1
122    ,xxx2  ,  2210  ,  1233442  ,    112   , 2
123    ,xxx3  ,  3210  ,  1233443  ,    113   , 3
124    ,xxx4  ,  4210  ,  1233444  ,    114   , 4
125    ,xxx5  ,  5210  ,  1233445  ,    115   , 5
126    ,xxx6  ,  6210  ,  1233446  ,    116   , 6
121    ,xxx1  ,  1210  ,  1233441  ,    111   , 1
122    ,xxx2  ,  2210  ,  1233442  ,    112   , 2
123    ,xxx3  ,  3210  ,  1233443  ,    113   , 3
124    ,xxx4  ,  4210  ,  1233444  ,    114   , 4
125    ,xxx5  ,  5210  ,  1233445  ,    115   , 5
126    ,xxx6  ,  6210  ,  1233446  ,    116   , 6
121    ,xxx1  ,  1210  ,  1233441  ,    111   , 1
122    ,xxx2  ,  2210  ,  1233442  ,    112   , 2
123    ,xxx3  ,  3210  ,  1233443  ,    113   , 3
124    ,xxx4  ,  4210  ,  1233444  ,    114   , 4
125    ,xxx5  ,  5210  ,  1233445  ,    115   , 5
126    ,xxx6  ,  6210  ,  1233446  ,    116   , 6
121    ,xxx1  ,  1210  ,  1233441  ,    111   , 1
122    ,xxx2  ,  2210  ,  1233442  ,    112   , 2
123    ,xxx3  ,  3210  ,  1233443  ,    113   , 3
124    ,xxx4  ,  4210  ,  1233444  ,    114   , 4
125    ,xxx5  ,  5210  ,  1233445  ,    115   , 5
126    ,xxx6  ,  6210  ,  1233446  ,    116   , 6
121    ,xxx1  ,  1210  ,  1233441  ,    111   , 1
122    ,xxx2  ,  2210  ,  1233442  ,    112   , 2
123    ,xxx3  ,  3210  ,  1233443  ,    113   , 3
124    ,xxx4  ,  4210  ,  1233444  ,    114   , 4
125    ,xxx5  ,  5210  ,  1233445  ,    115   , 5
126    ,xxx6  ,  6210  ,  1233446  ,    116   , 6
121    ,xxx1  ,  1210  ,  1233441  ,    111   , 1
122    ,xxx2  ,  2210  ,  1233442  ,    112   , 2
123    ,xxx3  ,  3210  ,  1233443  ,    113   , 3
124    ,xxx4  ,  4210  ,  1233444  ,    114   , 4
125    ,xxx5  ,  5210  ,  1233445  ,    115   , 5
126    ,xxx6  ,  6210  ,  1233446  ,    116   , 6
